{
  "aor": 0.0027862637362637364,
  "aqi": 0.006272506868131867,
  "bids_meta": {
    "dataset": "ds000007",
    "modality": "bold",
    "run_id": 1,
    "subject_id": "12",
    "task_id": "stopmanual"
  },
  "dummy_trs": 1,
  "dvars_nstd": 21.36134165585635,
  "dvars_std": 1.073687948453039,
  "dvars_vstd": 1.0436694970165747,
  "efc": 0.5318607953558352,
  "fber": 2193.749755859375,
  "fd_mean": 0.0753310238532577,
  "fd_num": 3,
  "fd_perc": 1.6483516483516483,
  "fwhm_avg": 1.7763723666666669,
  "fwhm_x": 1.7626624000000002,
  "fwhm_y": 1.9723072,
  "fwhm_z": 1.5941475,
  "gcor": 0.0126539,
  "gsr_x": -0.004221673123538494,
  "gsr_y": 0.04324352741241455,
  "provenance": {
    "md5sum": "7612f10032b3fdcdc8b71f6cc631b977",
    "settings": {
      "fd_thres": 0.2,
      "testing": false
    },
    "software": "mriqc",
    "version": "23.1.0"
  },
  "size_t": 182,
  "size_x": 64,
  "size_y": 64,
  "size_z": 33,
  "snr": 5.613514161692485,
  "spacing_tr": 2.0,
  "spacing_x": 3.125,
  "spacing_y": 3.125,
  "spacing_z": 4.0,
  "summary_bg_k": 21.43625266924703,
  "summary_bg_mad": 5.905970686666746,
  "summary_bg_mean": 34.0479435069616,
  "summary_bg_median": 13.45604419708252,
  "summary_bg_n": 100781.0,
  "summary_bg_p05": 9.120879173278809,
  "summary_bg_p95": 142.72528076171875,
  "summary_bg_stdv": 55.977242716044636,
  "summary_fg_k": 1.4528274902738323,
  "summary_fg_mad": 96.71129013720065,
  "summary_fg_mean": 626.5709742009353,
  "summary_fg_median": 630.2472534179688,
  "summary_fg_n": 34387.0,
  "summary_fg_p05": 419.5824279785156,
  "summary_fg_p95": 792.8297119140625,
  "summary_fg_stdv": 112.27157733358769,
  "tsnr": 66.13756404072046
}